x,y,h,u,v
1,1,   2.000000E+00,   7.111111E-09,  -1.110223E-16
1,2,   2.000000E+00,   2.044444E-08,  -1.110223E-16
1,3,   2.000000E+00,   2.400000E-08,  -1.110223E-16
1,4,   2.000000E+00,   2.044444E-08,  -2.220446E-16
1,5,   2.000000E+00,   7.111110E-09,   3.330669E-16
2,1,   2.000000E+00,   7.111111E-09,  -1.110223E-16
2,2,   2.000000E+00,   2.044444E-08,  -1.110223E-16
2,3,   2.000000E+00,   2.400000E-08,  -1.110223E-16
2,4,   2.000000E+00,   2.044444E-08,  -2.220446E-16
2,5,   2.000000E+00,   7.111110E-09,   3.330669E-16
3,1,   2.000000E+00,   7.111111E-09,  -1.110223E-16
3,2,   2.000000E+00,   2.044444E-08,  -1.110223E-16
3,3,   2.000000E+00,   2.400000E-08,  -1.110223E-16
3,4,   2.000000E+00,   2.044444E-08,  -2.220446E-16
3,5,   2.000000E+00,   7.111110E-09,   3.330669E-16
4,1,   2.000000E+00,   7.111111E-09,  -1.110223E-16
4,2,   2.000000E+00,   2.044444E-08,  -1.110223E-16
4,3,   2.000000E+00,   2.400000E-08,  -1.110223E-16
4,4,   2.000000E+00,   2.044444E-08,  -2.220446E-16
4,5,   2.000000E+00,   7.111110E-09,   3.330669E-16
5,1,   2.000000E+00,   7.111111E-09,  -1.110223E-16
5,2,   2.000000E+00,   2.044444E-08,  -1.110223E-16
5,3,   2.000000E+00,   2.400000E-08,  -1.110223E-16
5,4,   2.000000E+00,   2.044444E-08,  -2.220446E-16
5,5,   2.000000E+00,   7.111110E-09,   3.330669E-16
6,1,   2.000000E+00,   7.111111E-09,  -1.110223E-16
6,2,   2.000000E+00,   2.044444E-08,  -1.110223E-16
6,3,   2.000000E+00,   2.400000E-08,  -1.110223E-16
6,4,   2.000000E+00,   2.044444E-08,  -2.220446E-16
6,5,   2.000000E+00,   7.111110E-09,   3.330669E-16
7,1,   2.000000E+00,   7.111111E-09,  -1.110223E-16
7,2,   2.000000E+00,   2.044444E-08,  -1.110223E-16
7,3,   2.000000E+00,   2.400000E-08,  -1.110223E-16
7,4,   2.000000E+00,   2.044444E-08,  -2.220446E-16
7,5,   2.000000E+00,   7.111110E-09,   3.330669E-16
8,1,   2.000000E+00,   7.111111E-09,  -1.110223E-16
8,2,   2.000000E+00,   2.044444E-08,  -1.110223E-16
8,3,   2.000000E+00,   2.400000E-08,  -1.110223E-16
8,4,   2.000000E+00,   2.044444E-08,  -2.220446E-16
8,5,   2.000000E+00,   7.111110E-09,   3.330669E-16
9,1,   2.000000E+00,   7.111111E-09,  -1.110223E-16
9,2,   2.000000E+00,   2.044444E-08,  -1.110223E-16
9,3,   2.000000E+00,   2.400000E-08,  -1.110223E-16
9,4,   2.000000E+00,   2.044444E-08,  -2.220446E-16
9,5,   2.000000E+00,   7.111110E-09,   3.330669E-16
10,1,   2.000000E+00,   7.111111E-09,  -1.110223E-16
10,2,   2.000000E+00,   2.044444E-08,  -1.110223E-16
10,3,   2.000000E+00,   2.400000E-08,  -1.110223E-16
10,4,   2.000000E+00,   2.044444E-08,  -2.220446E-16
10,5,   2.000000E+00,   7.111110E-09,   3.330669E-16
11,1,   2.000000E+00,   7.111111E-09,  -1.110223E-16
11,2,   2.000000E+00,   2.044444E-08,  -1.110223E-16
11,3,   2.000000E+00,   2.400000E-08,  -1.110223E-16
11,4,   2.000000E+00,   2.044444E-08,  -2.220446E-16
11,5,   2.000000E+00,   7.111110E-09,   3.330669E-16
12,1,   2.000000E+00,   7.111111E-09,  -1.110223E-16
12,2,   2.000000E+00,   2.044444E-08,  -1.110223E-16
12,3,   2.000000E+00,   2.400000E-08,  -1.110223E-16
12,4,   2.000000E+00,   2.044444E-08,  -2.220446E-16
12,5,   2.000000E+00,   7.111110E-09,   3.330669E-16
13,1,   2.000000E+00,   7.111111E-09,  -1.110223E-16
13,2,   2.000000E+00,   2.044444E-08,  -1.110223E-16
13,3,   2.000000E+00,   2.400000E-08,  -1.110223E-16
13,4,   2.000000E+00,   2.044444E-08,  -2.220446E-16
13,5,   2.000000E+00,   7.111110E-09,   3.330669E-16
14,1,   2.000000E+00,   7.111111E-09,  -1.110223E-16
14,2,   2.000000E+00,   2.044444E-08,  -1.110223E-16
14,3,   2.000000E+00,   2.400000E-08,  -1.110223E-16
14,4,   2.000000E+00,   2.044444E-08,  -2.220446E-16
14,5,   2.000000E+00,   7.111110E-09,   3.330669E-16
15,1,   2.000000E+00,   7.111111E-09,  -1.110223E-16
15,2,   2.000000E+00,   2.044444E-08,  -1.110223E-16
15,3,   2.000000E+00,   2.400000E-08,  -1.110223E-16
15,4,   2.000000E+00,   2.044444E-08,  -2.220446E-16
15,5,   2.000000E+00,   7.111110E-09,   3.330669E-16
16,1,   2.000000E+00,   7.111111E-09,  -1.110223E-16
16,2,   2.000000E+00,   2.044444E-08,  -1.110223E-16
16,3,   2.000000E+00,   2.400000E-08,  -1.110223E-16
16,4,   2.000000E+00,   2.044444E-08,  -2.220446E-16
16,5,   2.000000E+00,   7.111110E-09,   3.330669E-16
17,1,   2.000000E+00,   7.111111E-09,  -1.110223E-16
17,2,   2.000000E+00,   2.044444E-08,  -1.110223E-16
17,3,   2.000000E+00,   2.400000E-08,  -1.110223E-16
17,4,   2.000000E+00,   2.044444E-08,  -2.220446E-16
17,5,   2.000000E+00,   7.111110E-09,   3.330669E-16
18,1,   2.000000E+00,   7.111111E-09,  -1.110223E-16
18,2,   2.000000E+00,   2.044444E-08,  -1.110223E-16
18,3,   2.000000E+00,   2.400000E-08,  -1.110223E-16
18,4,   2.000000E+00,   2.044444E-08,  -2.220446E-16
18,5,   2.000000E+00,   7.111110E-09,   3.330669E-16
19,1,   2.000000E+00,   7.111111E-09,  -1.110223E-16
19,2,   2.000000E+00,   2.044444E-08,  -1.110223E-16
19,3,   2.000000E+00,   2.400000E-08,  -1.110223E-16
19,4,   2.000000E+00,   2.044444E-08,  -2.220446E-16
19,5,   2.000000E+00,   7.111110E-09,   3.330669E-16
20,1,   2.000000E+00,   7.111111E-09,  -1.110223E-16
20,2,   2.000000E+00,   2.044444E-08,  -1.110223E-16
20,3,   2.000000E+00,   2.400000E-08,  -1.110223E-16
20,4,   2.000000E+00,   2.044444E-08,  -2.220446E-16
20,5,   2.000000E+00,   7.111110E-09,   3.330669E-16
21,1,   2.000000E+00,   7.111111E-09,  -1.110223E-16
21,2,   2.000000E+00,   2.044444E-08,  -1.110223E-16
21,3,   2.000000E+00,   2.400000E-08,  -1.110223E-16
21,4,   2.000000E+00,   2.044444E-08,  -2.220446E-16
21,5,   2.000000E+00,   7.111110E-09,   3.330669E-16
22,1,   2.000000E+00,   7.111111E-09,  -1.110223E-16
22,2,   2.000000E+00,   2.044444E-08,  -1.110223E-16
22,3,   2.000000E+00,   2.400000E-08,  -1.110223E-16
22,4,   2.000000E+00,   2.044444E-08,  -2.220446E-16
22,5,   2.000000E+00,   7.111110E-09,   3.330669E-16
23,1,   2.000000E+00,   7.111111E-09,  -1.110223E-16
23,2,   2.000000E+00,   2.044444E-08,  -1.110223E-16
23,3,   2.000000E+00,   2.400000E-08,  -1.110223E-16
23,4,   2.000000E+00,   2.044444E-08,  -2.220446E-16
23,5,   2.000000E+00,   7.111110E-09,   3.330669E-16
24,1,   2.000000E+00,   7.111111E-09,  -1.110223E-16
24,2,   2.000000E+00,   2.044444E-08,  -1.110223E-16
24,3,   2.000000E+00,   2.400000E-08,  -1.110223E-16
24,4,   2.000000E+00,   2.044444E-08,  -2.220446E-16
24,5,   2.000000E+00,   7.111110E-09,   3.330669E-16
25,1,   2.000000E+00,   7.111111E-09,  -1.110223E-16
25,2,   2.000000E+00,   2.044444E-08,  -1.110223E-16
25,3,   2.000000E+00,   2.400000E-08,  -1.110223E-16
25,4,   2.000000E+00,   2.044444E-08,  -2.220446E-16
25,5,   2.000000E+00,   7.111110E-09,   3.330669E-16
26,1,   2.000000E+00,   7.111111E-09,  -1.110223E-16
26,2,   2.000000E+00,   2.044444E-08,  -1.110223E-16
26,3,   2.000000E+00,   2.400000E-08,  -1.110223E-16
26,4,   2.000000E+00,   2.044444E-08,  -2.220446E-16
26,5,   2.000000E+00,   7.111110E-09,   3.330669E-16
27,1,   2.000000E+00,   7.111111E-09,  -1.110223E-16
27,2,   2.000000E+00,   2.044444E-08,  -1.110223E-16
27,3,   2.000000E+00,   2.400000E-08,  -1.110223E-16
27,4,   2.000000E+00,   2.044444E-08,  -2.220446E-16
27,5,   2.000000E+00,   7.111110E-09,   3.330669E-16
28,1,   2.000000E+00,   7.111111E-09,  -1.110223E-16
28,2,   2.000000E+00,   2.044444E-08,  -1.110223E-16
28,3,   2.000000E+00,   2.400000E-08,  -1.110223E-16
28,4,   2.000000E+00,   2.044444E-08,  -2.220446E-16
28,5,   2.000000E+00,   7.111110E-09,   3.330669E-16
29,1,   2.000000E+00,   7.111111E-09,  -1.110223E-16
29,2,   2.000000E+00,   2.044444E-08,  -1.110223E-16
29,3,   2.000000E+00,   2.400000E-08,  -1.110223E-16
29,4,   2.000000E+00,   2.044444E-08,  -2.220446E-16
29,5,   2.000000E+00,   7.111110E-09,   3.330669E-16
30,1,   2.000000E+00,   7.111111E-09,  -1.110223E-16
30,2,   2.000000E+00,   2.044444E-08,  -1.110223E-16
30,3,   2.000000E+00,   2.400000E-08,  -1.110223E-16
30,4,   2.000000E+00,   2.044444E-08,  -2.220446E-16
30,5,   2.000000E+00,   7.111110E-09,   3.330669E-16
31,1,   2.000000E+00,   7.111111E-09,  -1.110223E-16
31,2,   2.000000E+00,   2.044444E-08,  -1.110223E-16
31,3,   2.000000E+00,   2.400000E-08,  -1.110223E-16
31,4,   2.000000E+00,   2.044444E-08,  -2.220446E-16
31,5,   2.000000E+00,   7.111110E-09,   3.330669E-16
32,1,   2.000000E+00,   7.111111E-09,  -1.110223E-16
32,2,   2.000000E+00,   2.044444E-08,  -1.110223E-16
32,3,   2.000000E+00,   2.400000E-08,  -1.110223E-16
32,4,   2.000000E+00,   2.044444E-08,  -2.220446E-16
32,5,   2.000000E+00,   7.111110E-09,   3.330669E-16
33,1,   2.000000E+00,   7.111111E-09,  -1.110223E-16
33,2,   2.000000E+00,   2.044444E-08,  -1.110223E-16
33,3,   2.000000E+00,   2.400000E-08,  -1.110223E-16
33,4,   2.000000E+00,   2.044444E-08,  -2.220446E-16
33,5,   2.000000E+00,   7.111110E-09,   3.330669E-16
34,1,   2.000000E+00,   7.111111E-09,  -1.110223E-16
34,2,   2.000000E+00,   2.044444E-08,  -1.110223E-16
34,3,   2.000000E+00,   2.400000E-08,  -1.110223E-16
34,4,   2.000000E+00,   2.044444E-08,  -2.220446E-16
34,5,   2.000000E+00,   7.111110E-09,   3.330669E-16
35,1,   2.000000E+00,   7.111111E-09,  -1.110223E-16
35,2,   2.000000E+00,   2.044444E-08,  -1.110223E-16
35,3,   2.000000E+00,   2.400000E-08,  -1.110223E-16
35,4,   2.000000E+00,   2.044444E-08,  -2.220446E-16
35,5,   2.000000E+00,   7.111110E-09,   3.330669E-16
36,1,   2.000000E+00,   7.111111E-09,  -1.110223E-16
36,2,   2.000000E+00,   2.044444E-08,  -1.110223E-16
36,3,   2.000000E+00,   2.400000E-08,  -1.110223E-16
36,4,   2.000000E+00,   2.044444E-08,  -2.220446E-16
36,5,   2.000000E+00,   7.111110E-09,   3.330669E-16
37,1,   2.000000E+00,   7.111111E-09,  -1.110223E-16
37,2,   2.000000E+00,   2.044444E-08,  -1.110223E-16
37,3,   2.000000E+00,   2.400000E-08,  -1.110223E-16
37,4,   2.000000E+00,   2.044444E-08,  -2.220446E-16
37,5,   2.000000E+00,   7.111110E-09,   3.330669E-16
38,1,   2.000000E+00,   7.111111E-09,  -1.110223E-16
38,2,   2.000000E+00,   2.044444E-08,  -1.110223E-16
38,3,   2.000000E+00,   2.400000E-08,  -1.110223E-16
38,4,   2.000000E+00,   2.044444E-08,  -2.220446E-16
38,5,   2.000000E+00,   7.111110E-09,   3.330669E-16
39,1,   2.000000E+00,   7.111111E-09,  -1.110223E-16
39,2,   2.000000E+00,   2.044444E-08,  -1.110223E-16
39,3,   2.000000E+00,   2.400000E-08,  -1.110223E-16
39,4,   2.000000E+00,   2.044444E-08,  -2.220446E-16
39,5,   2.000000E+00,   7.111110E-09,   3.330669E-16
40,1,   2.000000E+00,   7.111111E-09,  -1.110223E-16
40,2,   2.000000E+00,   2.044444E-08,  -1.110223E-16
40,3,   2.000000E+00,   2.400000E-08,  -1.110223E-16
40,4,   2.000000E+00,   2.044444E-08,  -2.220446E-16
40,5,   2.000000E+00,   7.111110E-09,   3.330669E-16
41,1,   2.000000E+00,   7.111111E-09,  -1.110223E-16
41,2,   2.000000E+00,   2.044444E-08,  -1.110223E-16
41,3,   2.000000E+00,   2.400000E-08,  -1.110223E-16
41,4,   2.000000E+00,   2.044444E-08,  -2.220446E-16
41,5,   2.000000E+00,   7.111110E-09,   3.330669E-16
42,1,   2.000000E+00,   7.111111E-09,  -1.110223E-16
42,2,   2.000000E+00,   2.044444E-08,  -1.110223E-16
42,3,   2.000000E+00,   2.400000E-08,  -1.110223E-16
42,4,   2.000000E+00,   2.044444E-08,  -2.220446E-16
42,5,   2.000000E+00,   7.111110E-09,   3.330669E-16
43,1,   2.000000E+00,   7.111111E-09,  -1.110223E-16
43,2,   2.000000E+00,   2.044444E-08,  -1.110223E-16
43,3,   2.000000E+00,   2.400000E-08,  -1.110223E-16
43,4,   2.000000E+00,   2.044444E-08,  -2.220446E-16
43,5,   2.000000E+00,   7.111110E-09,   3.330669E-16
44,1,   2.000000E+00,   7.111111E-09,  -1.110223E-16
44,2,   2.000000E+00,   2.044444E-08,  -1.110223E-16
44,3,   2.000000E+00,   2.400000E-08,  -1.110223E-16
44,4,   2.000000E+00,   2.044444E-08,  -2.220446E-16
44,5,   2.000000E+00,   7.111110E-09,   3.330669E-16
45,1,   2.000000E+00,   7.111111E-09,  -1.110223E-16
45,2,   2.000000E+00,   2.044444E-08,  -1.110223E-16
45,3,   2.000000E+00,   2.400000E-08,  -1.110223E-16
45,4,   2.000000E+00,   2.044444E-08,  -2.220446E-16
45,5,   2.000000E+00,   7.111110E-09,   3.330669E-16
46,1,   2.000000E+00,   7.111111E-09,  -1.110223E-16
46,2,   2.000000E+00,   2.044444E-08,  -1.110223E-16
46,3,   2.000000E+00,   2.400000E-08,  -1.110223E-16
46,4,   2.000000E+00,   2.044444E-08,  -2.220446E-16
46,5,   2.000000E+00,   7.111110E-09,   3.330669E-16
47,1,   2.000000E+00,   7.111111E-09,  -1.110223E-16
47,2,   2.000000E+00,   2.044444E-08,  -1.110223E-16
47,3,   2.000000E+00,   2.400000E-08,  -1.110223E-16
47,4,   2.000000E+00,   2.044444E-08,  -2.220446E-16
47,5,   2.000000E+00,   7.111110E-09,   3.330669E-16
48,1,   2.000000E+00,   7.111111E-09,  -1.110223E-16
48,2,   2.000000E+00,   2.044444E-08,  -1.110223E-16
48,3,   2.000000E+00,   2.400000E-08,  -1.110223E-16
48,4,   2.000000E+00,   2.044444E-08,  -2.220446E-16
48,5,   2.000000E+00,   7.111110E-09,   3.330669E-16
49,1,   2.000000E+00,   7.111111E-09,  -1.110223E-16
49,2,   2.000000E+00,   2.044444E-08,  -1.110223E-16
49,3,   2.000000E+00,   2.400000E-08,  -1.110223E-16
49,4,   2.000000E+00,   2.044444E-08,  -2.220446E-16
49,5,   2.000000E+00,   7.111110E-09,   3.330669E-16
50,1,   2.000000E+00,   7.111111E-09,  -1.110223E-16
50,2,   2.000000E+00,   2.044444E-08,  -1.110223E-16
50,3,   2.000000E+00,   2.400000E-08,  -1.110223E-16
50,4,   2.000000E+00,   2.044444E-08,  -2.220446E-16
50,5,   2.000000E+00,   7.111110E-09,   3.330669E-16
51,1,   2.000000E+00,   7.111111E-09,  -1.110223E-16
51,2,   2.000000E+00,   2.044444E-08,  -1.110223E-16
51,3,   2.000000E+00,   2.400000E-08,  -1.110223E-16
51,4,   2.000000E+00,   2.044444E-08,  -2.220446E-16
51,5,   2.000000E+00,   7.111110E-09,   3.330669E-16
52,1,   2.000000E+00,   7.111111E-09,  -1.110223E-16
52,2,   2.000000E+00,   2.044444E-08,  -1.110223E-16
52,3,   2.000000E+00,   2.400000E-08,  -1.110223E-16
52,4,   2.000000E+00,   2.044444E-08,  -2.220446E-16
52,5,   2.000000E+00,   7.111110E-09,   3.330669E-16
53,1,   2.000000E+00,   7.111111E-09,  -1.110223E-16
53,2,   2.000000E+00,   2.044444E-08,  -1.110223E-16
53,3,   2.000000E+00,   2.400000E-08,  -1.110223E-16
53,4,   2.000000E+00,   2.044444E-08,  -2.220446E-16
53,5,   2.000000E+00,   7.111110E-09,   3.330669E-16
54,1,   2.000000E+00,   7.111111E-09,  -1.110223E-16
54,2,   2.000000E+00,   2.044444E-08,  -1.110223E-16
54,3,   2.000000E+00,   2.400000E-08,  -1.110223E-16
54,4,   2.000000E+00,   2.044444E-08,  -2.220446E-16
54,5,   2.000000E+00,   7.111110E-09,   3.330669E-16
55,1,   2.000000E+00,   7.111111E-09,  -1.110223E-16
55,2,   2.000000E+00,   2.044444E-08,  -1.110223E-16
55,3,   2.000000E+00,   2.400000E-08,  -1.110223E-16
55,4,   2.000000E+00,   2.044444E-08,  -2.220446E-16
55,5,   2.000000E+00,   7.111110E-09,   3.330669E-16
56,1,   2.000000E+00,   7.111111E-09,  -1.110223E-16
56,2,   2.000000E+00,   2.044444E-08,  -1.110223E-16
56,3,   2.000000E+00,   2.400000E-08,  -1.110223E-16
56,4,   2.000000E+00,   2.044444E-08,  -2.220446E-16
56,5,   2.000000E+00,   7.111110E-09,   3.330669E-16
57,1,   2.000000E+00,   7.111111E-09,  -1.110223E-16
57,2,   2.000000E+00,   2.044444E-08,  -1.110223E-16
57,3,   2.000000E+00,   2.400000E-08,  -1.110223E-16
57,4,   2.000000E+00,   2.044444E-08,  -2.220446E-16
57,5,   2.000000E+00,   7.111110E-09,   3.330669E-16
58,1,   2.000000E+00,   7.111111E-09,  -1.110223E-16
58,2,   2.000000E+00,   2.044444E-08,  -1.110223E-16
58,3,   2.000000E+00,   2.400000E-08,  -1.110223E-16
58,4,   2.000000E+00,   2.044444E-08,  -2.220446E-16
58,5,   2.000000E+00,   7.111110E-09,   3.330669E-16
59,1,   2.000000E+00,   7.111111E-09,  -1.110223E-16
59,2,   2.000000E+00,   2.044444E-08,  -1.110223E-16
59,3,   2.000000E+00,   2.400000E-08,  -1.110223E-16
59,4,   2.000000E+00,   2.044444E-08,  -2.220446E-16
59,5,   2.000000E+00,   7.111110E-09,   3.330669E-16
60,1,   2.000000E+00,   7.111111E-09,  -1.110223E-16
60,2,   2.000000E+00,   2.044444E-08,  -1.110223E-16
60,3,   2.000000E+00,   2.400000E-08,  -1.110223E-16
60,4,   2.000000E+00,   2.044444E-08,  -2.220446E-16
60,5,   2.000000E+00,   7.111110E-09,   3.330669E-16
61,1,   2.000000E+00,   7.111111E-09,  -1.110223E-16
61,2,   2.000000E+00,   2.044444E-08,  -1.110223E-16
61,3,   2.000000E+00,   2.400000E-08,  -1.110223E-16
61,4,   2.000000E+00,   2.044444E-08,  -2.220446E-16
61,5,   2.000000E+00,   7.111110E-09,   3.330669E-16
62,1,   2.000000E+00,   7.111111E-09,  -1.110223E-16
62,2,   2.000000E+00,   2.044444E-08,  -1.110223E-16
62,3,   2.000000E+00,   2.400000E-08,  -1.110223E-16
62,4,   2.000000E+00,   2.044444E-08,  -2.220446E-16
62,5,   2.000000E+00,   7.111110E-09,   3.330669E-16
63,1,   2.000000E+00,   7.111111E-09,  -1.110223E-16
63,2,   2.000000E+00,   2.044444E-08,  -1.110223E-16
63,3,   2.000000E+00,   2.400000E-08,  -1.110223E-16
63,4,   2.000000E+00,   2.044444E-08,  -2.220446E-16
63,5,   2.000000E+00,   7.111110E-09,   3.330669E-16
64,1,   2.000000E+00,   7.111111E-09,  -1.110223E-16
64,2,   2.000000E+00,   2.044444E-08,  -1.110223E-16
64,3,   2.000000E+00,   2.400000E-08,  -1.110223E-16
64,4,   2.000000E+00,   2.044444E-08,  -2.220446E-16
64,5,   2.000000E+00,   7.111110E-09,   3.330669E-16
65,1,   2.000000E+00,   7.111111E-09,  -1.110223E-16
65,2,   2.000000E+00,   2.044444E-08,  -1.110223E-16
65,3,   2.000000E+00,   2.400000E-08,  -1.110223E-16
65,4,   2.000000E+00,   2.044444E-08,  -2.220446E-16
65,5,   2.000000E+00,   7.111110E-09,   3.330669E-16
66,1,   2.000000E+00,   7.111111E-09,  -1.110223E-16
66,2,   2.000000E+00,   2.044444E-08,  -1.110223E-16
66,3,   2.000000E+00,   2.400000E-08,  -1.110223E-16
66,4,   2.000000E+00,   2.044444E-08,  -2.220446E-16
66,5,   2.000000E+00,   7.111110E-09,   3.330669E-16
67,1,   2.000000E+00,   7.111111E-09,  -1.110223E-16
67,2,   2.000000E+00,   2.044444E-08,  -1.110223E-16
67,3,   2.000000E+00,   2.400000E-08,  -1.110223E-16
67,4,   2.000000E+00,   2.044444E-08,  -2.220446E-16
67,5,   2.000000E+00,   7.111110E-09,   3.330669E-16
68,1,   2.000000E+00,   7.111111E-09,  -1.110223E-16
68,2,   2.000000E+00,   2.044444E-08,  -1.110223E-16
68,3,   2.000000E+00,   2.400000E-08,  -1.110223E-16
68,4,   2.000000E+00,   2.044444E-08,  -2.220446E-16
68,5,   2.000000E+00,   7.111110E-09,   3.330669E-16
69,1,   2.000000E+00,   7.111111E-09,  -1.110223E-16
69,2,   2.000000E+00,   2.044444E-08,  -1.110223E-16
69,3,   2.000000E+00,   2.400000E-08,  -1.110223E-16
69,4,   2.000000E+00,   2.044444E-08,  -2.220446E-16
69,5,   2.000000E+00,   7.111110E-09,   3.330669E-16
70,1,   2.000000E+00,   7.111111E-09,  -1.110223E-16
70,2,   2.000000E+00,   2.044444E-08,  -1.110223E-16
70,3,   2.000000E+00,   2.400000E-08,  -1.110223E-16
70,4,   2.000000E+00,   2.044444E-08,  -2.220446E-16
70,5,   2.000000E+00,   7.111110E-09,   3.330669E-16
71,1,   2.000000E+00,   7.111111E-09,  -1.110223E-16
71,2,   2.000000E+00,   2.044444E-08,  -1.110223E-16
71,3,   2.000000E+00,   2.400000E-08,  -1.110223E-16
71,4,   2.000000E+00,   2.044444E-08,  -2.220446E-16
71,5,   2.000000E+00,   7.111110E-09,   3.330669E-16
72,1,   2.000000E+00,   7.111111E-09,  -1.110223E-16
72,2,   2.000000E+00,   2.044444E-08,  -1.110223E-16
72,3,   2.000000E+00,   2.400000E-08,  -1.110223E-16
72,4,   2.000000E+00,   2.044444E-08,  -2.220446E-16
72,5,   2.000000E+00,   7.111110E-09,   3.330669E-16
73,1,   2.000000E+00,   7.111111E-09,  -1.110223E-16
73,2,   2.000000E+00,   2.044444E-08,  -1.110223E-16
73,3,   2.000000E+00,   2.400000E-08,  -1.110223E-16
73,4,   2.000000E+00,   2.044444E-08,  -2.220446E-16
73,5,   2.000000E+00,   7.111110E-09,   3.330669E-16
74,1,   2.000000E+00,   7.111111E-09,  -1.110223E-16
74,2,   2.000000E+00,   2.044444E-08,  -1.110223E-16
74,3,   2.000000E+00,   2.400000E-08,  -1.110223E-16
74,4,   2.000000E+00,   2.044444E-08,  -2.220446E-16
74,5,   2.000000E+00,   7.111110E-09,   3.330669E-16
75,1,   2.000000E+00,   7.111111E-09,  -1.110223E-16
75,2,   2.000000E+00,   2.044444E-08,  -1.110223E-16
75,3,   2.000000E+00,   2.400000E-08,  -1.110223E-16
75,4,   2.000000E+00,   2.044444E-08,  -2.220446E-16
75,5,   2.000000E+00,   7.111110E-09,   3.330669E-16
76,1,   2.000000E+00,   7.111111E-09,  -1.110223E-16
76,2,   2.000000E+00,   2.044444E-08,  -1.110223E-16
76,3,   2.000000E+00,   2.400000E-08,  -1.110223E-16
76,4,   2.000000E+00,   2.044444E-08,  -2.220446E-16
76,5,   2.000000E+00,   7.111110E-09,   3.330669E-16
77,1,   2.000000E+00,   7.111111E-09,  -1.110223E-16
77,2,   2.000000E+00,   2.044444E-08,  -1.110223E-16
77,3,   2.000000E+00,   2.400000E-08,  -1.110223E-16
77,4,   2.000000E+00,   2.044444E-08,  -2.220446E-16
77,5,   2.000000E+00,   7.111110E-09,   3.330669E-16
78,1,   2.000000E+00,   7.111111E-09,  -1.110223E-16
78,2,   2.000000E+00,   2.044444E-08,  -1.110223E-16
78,3,   2.000000E+00,   2.400000E-08,  -1.110223E-16
78,4,   2.000000E+00,   2.044444E-08,  -2.220446E-16
78,5,   2.000000E+00,   7.111110E-09,   3.330669E-16
79,1,   2.000000E+00,   7.111111E-09,  -1.110223E-16
79,2,   2.000000E+00,   2.044444E-08,  -1.110223E-16
79,3,   2.000000E+00,   2.400000E-08,  -1.110223E-16
79,4,   2.000000E+00,   2.044444E-08,  -2.220446E-16
79,5,   2.000000E+00,   7.111110E-09,   3.330669E-16
80,1,   2.000000E+00,   7.111111E-09,  -1.110223E-16
80,2,   2.000000E+00,   2.044444E-08,  -1.110223E-16
80,3,   2.000000E+00,   2.400000E-08,  -1.110223E-16
80,4,   2.000000E+00,   2.044444E-08,  -2.220446E-16
80,5,   2.000000E+00,   7.111110E-09,   3.330669E-16
81,1,   2.000000E+00,   7.111111E-09,  -1.110223E-16
81,2,   2.000000E+00,   2.044444E-08,  -1.110223E-16
81,3,   2.000000E+00,   2.400000E-08,  -1.110223E-16
81,4,   2.000000E+00,   2.044444E-08,  -2.220446E-16
81,5,   2.000000E+00,   7.111110E-09,   3.330669E-16
82,1,   2.000000E+00,   7.111111E-09,  -1.110223E-16
82,2,   2.000000E+00,   2.044444E-08,  -1.110223E-16
82,3,   2.000000E+00,   2.400000E-08,  -1.110223E-16
82,4,   2.000000E+00,   2.044444E-08,  -2.220446E-16
82,5,   2.000000E+00,   7.111110E-09,   3.330669E-16
83,1,   2.000000E+00,   7.111111E-09,  -1.110223E-16
83,2,   2.000000E+00,   2.044444E-08,  -1.110223E-16
83,3,   2.000000E+00,   2.400000E-08,  -1.110223E-16
83,4,   2.000000E+00,   2.044444E-08,  -2.220446E-16
83,5,   2.000000E+00,   7.111110E-09,   3.330669E-16
84,1,   2.000000E+00,   7.111111E-09,  -1.110223E-16
84,2,   2.000000E+00,   2.044444E-08,  -1.110223E-16
84,3,   2.000000E+00,   2.400000E-08,  -1.110223E-16
84,4,   2.000000E+00,   2.044444E-08,  -2.220446E-16
84,5,   2.000000E+00,   7.111110E-09,   3.330669E-16
85,1,   2.000000E+00,   7.111111E-09,  -1.110223E-16
85,2,   2.000000E+00,   2.044444E-08,  -1.110223E-16
85,3,   2.000000E+00,   2.400000E-08,  -1.110223E-16
85,4,   2.000000E+00,   2.044444E-08,  -2.220446E-16
85,5,   2.000000E+00,   7.111110E-09,   3.330669E-16
86,1,   2.000000E+00,   7.111111E-09,  -1.110223E-16
86,2,   2.000000E+00,   2.044444E-08,  -1.110223E-16
86,3,   2.000000E+00,   2.400000E-08,  -1.110223E-16
86,4,   2.000000E+00,   2.044444E-08,  -2.220446E-16
86,5,   2.000000E+00,   7.111110E-09,   3.330669E-16
87,1,   2.000000E+00,   7.111111E-09,  -1.110223E-16
87,2,   2.000000E+00,   2.044444E-08,  -1.110223E-16
87,3,   2.000000E+00,   2.400000E-08,  -1.110223E-16
87,4,   2.000000E+00,   2.044444E-08,  -2.220446E-16
87,5,   2.000000E+00,   7.111110E-09,   3.330669E-16
88,1,   2.000000E+00,   7.111111E-09,  -1.110223E-16
88,2,   2.000000E+00,   2.044444E-08,  -1.110223E-16
88,3,   2.000000E+00,   2.400000E-08,  -1.110223E-16
88,4,   2.000000E+00,   2.044444E-08,  -2.220446E-16
88,5,   2.000000E+00,   7.111110E-09,   3.330669E-16
89,1,   2.000000E+00,   7.111111E-09,  -1.110223E-16
89,2,   2.000000E+00,   2.044444E-08,  -1.110223E-16
89,3,   2.000000E+00,   2.400000E-08,  -1.110223E-16
89,4,   2.000000E+00,   2.044444E-08,  -2.220446E-16
89,5,   2.000000E+00,   7.111110E-09,   3.330669E-16
90,1,   2.000000E+00,   7.111111E-09,  -1.110223E-16
90,2,   2.000000E+00,   2.044444E-08,  -1.110223E-16
90,3,   2.000000E+00,   2.400000E-08,  -1.110223E-16
90,4,   2.000000E+00,   2.044444E-08,  -2.220446E-16
90,5,   2.000000E+00,   7.111110E-09,   3.330669E-16
91,1,   2.000000E+00,   7.111111E-09,  -1.110223E-16
91,2,   2.000000E+00,   2.044444E-08,  -1.110223E-16
91,3,   2.000000E+00,   2.400000E-08,  -1.110223E-16
91,4,   2.000000E+00,   2.044444E-08,  -2.220446E-16
91,5,   2.000000E+00,   7.111110E-09,   3.330669E-16
92,1,   2.000000E+00,   7.111111E-09,  -1.110223E-16
92,2,   2.000000E+00,   2.044444E-08,  -1.110223E-16
92,3,   2.000000E+00,   2.400000E-08,  -1.110223E-16
92,4,   2.000000E+00,   2.044444E-08,  -2.220446E-16
92,5,   2.000000E+00,   7.111110E-09,   3.330669E-16
93,1,   2.000000E+00,   7.111111E-09,  -1.110223E-16
93,2,   2.000000E+00,   2.044444E-08,  -1.110223E-16
93,3,   2.000000E+00,   2.400000E-08,  -1.110223E-16
93,4,   2.000000E+00,   2.044444E-08,  -2.220446E-16
93,5,   2.000000E+00,   7.111110E-09,   3.330669E-16
94,1,   2.000000E+00,   7.111111E-09,  -1.110223E-16
94,2,   2.000000E+00,   2.044444E-08,  -1.110223E-16
94,3,   2.000000E+00,   2.400000E-08,  -1.110223E-16
94,4,   2.000000E+00,   2.044444E-08,  -2.220446E-16
94,5,   2.000000E+00,   7.111110E-09,   3.330669E-16
95,1,   2.000000E+00,   7.111111E-09,  -1.110223E-16
95,2,   2.000000E+00,   2.044444E-08,  -1.110223E-16
95,3,   2.000000E+00,   2.400000E-08,  -1.110223E-16
95,4,   2.000000E+00,   2.044444E-08,  -2.220446E-16
95,5,   2.000000E+00,   7.111110E-09,   3.330669E-16
96,1,   2.000000E+00,   7.111111E-09,  -1.110223E-16
96,2,   2.000000E+00,   2.044444E-08,  -1.110223E-16
96,3,   2.000000E+00,   2.400000E-08,  -1.110223E-16
96,4,   2.000000E+00,   2.044444E-08,  -2.220446E-16
96,5,   2.000000E+00,   7.111110E-09,   3.330669E-16
97,1,   2.000000E+00,   7.111111E-09,  -1.110223E-16
97,2,   2.000000E+00,   2.044444E-08,  -1.110223E-16
97,3,   2.000000E+00,   2.400000E-08,  -1.110223E-16
97,4,   2.000000E+00,   2.044444E-08,  -2.220446E-16
97,5,   2.000000E+00,   7.111110E-09,   3.330669E-16
98,1,   2.000000E+00,   7.111111E-09,  -1.110223E-16
98,2,   2.000000E+00,   2.044444E-08,  -1.110223E-16
98,3,   2.000000E+00,   2.400000E-08,  -1.110223E-16
98,4,   2.000000E+00,   2.044444E-08,  -2.220446E-16
98,5,   2.000000E+00,   7.111110E-09,   3.330669E-16
99,1,   2.000000E+00,   7.111111E-09,  -1.110223E-16
99,2,   2.000000E+00,   2.044444E-08,  -1.110223E-16
99,3,   2.000000E+00,   2.400000E-08,  -1.110223E-16
99,4,   2.000000E+00,   2.044444E-08,  -2.220446E-16
99,5,   2.000000E+00,   7.111110E-09,   3.330669E-16
100,1,   2.000000E+00,   7.111111E-09,  -1.110223E-16
100,2,   2.000000E+00,   2.044444E-08,  -1.110223E-16
100,3,   2.000000E+00,   2.400000E-08,  -1.110223E-16
100,4,   2.000000E+00,   2.044444E-08,  -2.220446E-16
100,5,   2.000000E+00,   7.111110E-09,   3.330669E-16
101,1,   2.000000E+00,   7.111111E-09,  -1.110223E-16
101,2,   2.000000E+00,   2.044444E-08,  -1.110223E-16
101,3,   2.000000E+00,   2.400000E-08,  -1.110223E-16
101,4,   2.000000E+00,   2.044444E-08,  -2.220446E-16
101,5,   2.000000E+00,   7.111110E-09,   3.330669E-16
102,1,   2.000000E+00,   7.111111E-09,  -1.110223E-16
102,2,   2.000000E+00,   2.044444E-08,  -1.110223E-16
102,3,   2.000000E+00,   2.400000E-08,  -1.110223E-16
102,4,   2.000000E+00,   2.044444E-08,  -2.220446E-16
102,5,   2.000000E+00,   7.111110E-09,   3.330669E-16
103,1,   2.000000E+00,   7.111111E-09,  -1.110223E-16
103,2,   2.000000E+00,   2.044444E-08,  -1.110223E-16
103,3,   2.000000E+00,   2.400000E-08,  -1.110223E-16
103,4,   2.000000E+00,   2.044444E-08,  -2.220446E-16
103,5,   2.000000E+00,   7.111110E-09,   3.330669E-16
104,1,   2.000000E+00,   7.111111E-09,  -1.110223E-16
104,2,   2.000000E+00,   2.044444E-08,  -1.110223E-16
104,3,   2.000000E+00,   2.400000E-08,  -1.110223E-16
104,4,   2.000000E+00,   2.044444E-08,  -2.220446E-16
104,5,   2.000000E+00,   7.111110E-09,   3.330669E-16
105,1,   2.000000E+00,   7.111111E-09,  -1.110223E-16
105,2,   2.000000E+00,   2.044444E-08,  -1.110223E-16
105,3,   2.000000E+00,   2.400000E-08,  -1.110223E-16
105,4,   2.000000E+00,   2.044444E-08,  -2.220446E-16
105,5,   2.000000E+00,   7.111110E-09,   3.330669E-16
106,1,   2.000000E+00,   7.111111E-09,  -1.110223E-16
106,2,   2.000000E+00,   2.044444E-08,  -1.110223E-16
106,3,   2.000000E+00,   2.400000E-08,  -1.110223E-16
106,4,   2.000000E+00,   2.044444E-08,  -2.220446E-16
106,5,   2.000000E+00,   7.111110E-09,   3.330669E-16
107,1,   2.000000E+00,   7.111111E-09,  -1.110223E-16
107,2,   2.000000E+00,   2.044444E-08,  -1.110223E-16
107,3,   2.000000E+00,   2.400000E-08,  -1.110223E-16
107,4,   2.000000E+00,   2.044444E-08,  -2.220446E-16
107,5,   2.000000E+00,   7.111110E-09,   3.330669E-16
108,1,   2.000000E+00,   7.111111E-09,  -1.110223E-16
108,2,   2.000000E+00,   2.044444E-08,  -1.110223E-16
108,3,   2.000000E+00,   2.400000E-08,  -1.110223E-16
108,4,   2.000000E+00,   2.044444E-08,  -2.220446E-16
108,5,   2.000000E+00,   7.111110E-09,   3.330669E-16
109,1,   2.000000E+00,   7.111111E-09,  -1.110223E-16
109,2,   2.000000E+00,   2.044444E-08,  -1.110223E-16
109,3,   2.000000E+00,   2.400000E-08,  -1.110223E-16
109,4,   2.000000E+00,   2.044444E-08,  -2.220446E-16
109,5,   2.000000E+00,   7.111110E-09,   3.330669E-16
110,1,   2.000000E+00,   7.111111E-09,  -1.110223E-16
110,2,   2.000000E+00,   2.044444E-08,  -1.110223E-16
110,3,   2.000000E+00,   2.400000E-08,  -1.110223E-16
110,4,   2.000000E+00,   2.044444E-08,  -2.220446E-16
110,5,   2.000000E+00,   7.111110E-09,   3.330669E-16
111,1,   2.000000E+00,   7.111111E-09,  -1.110223E-16
111,2,   2.000000E+00,   2.044444E-08,  -1.110223E-16
111,3,   2.000000E+00,   2.400000E-08,  -1.110223E-16
111,4,   2.000000E+00,   2.044444E-08,  -2.220446E-16
111,5,   2.000000E+00,   7.111110E-09,   3.330669E-16
112,1,   2.000000E+00,   7.111111E-09,  -1.110223E-16
112,2,   2.000000E+00,   2.044444E-08,  -1.110223E-16
112,3,   2.000000E+00,   2.400000E-08,  -1.110223E-16
112,4,   2.000000E+00,   2.044444E-08,  -2.220446E-16
112,5,   2.000000E+00,   7.111110E-09,   3.330669E-16
113,1,   2.000000E+00,   7.111111E-09,  -1.110223E-16
113,2,   2.000000E+00,   2.044444E-08,  -1.110223E-16
113,3,   2.000000E+00,   2.400000E-08,  -1.110223E-16
113,4,   2.000000E+00,   2.044444E-08,  -2.220446E-16
113,5,   2.000000E+00,   7.111110E-09,   3.330669E-16
114,1,   2.000000E+00,   7.111111E-09,  -1.110223E-16
114,2,   2.000000E+00,   2.044444E-08,  -1.110223E-16
114,3,   2.000000E+00,   2.400000E-08,  -1.110223E-16
114,4,   2.000000E+00,   2.044444E-08,  -2.220446E-16
114,5,   2.000000E+00,   7.111110E-09,   3.330669E-16
115,1,   2.000000E+00,   7.111111E-09,  -1.110223E-16
115,2,   2.000000E+00,   2.044444E-08,  -1.110223E-16
115,3,   2.000000E+00,   2.400000E-08,  -1.110223E-16
115,4,   2.000000E+00,   2.044444E-08,  -2.220446E-16
115,5,   2.000000E+00,   7.111110E-09,   3.330669E-16
116,1,   2.000000E+00,   7.111111E-09,  -1.110223E-16
116,2,   2.000000E+00,   2.044444E-08,  -1.110223E-16
116,3,   2.000000E+00,   2.400000E-08,  -1.110223E-16
116,4,   2.000000E+00,   2.044444E-08,  -2.220446E-16
116,5,   2.000000E+00,   7.111110E-09,   3.330669E-16
117,1,   2.000000E+00,   7.111111E-09,  -1.110223E-16
117,2,   2.000000E+00,   2.044444E-08,  -1.110223E-16
117,3,   2.000000E+00,   2.400000E-08,  -1.110223E-16
117,4,   2.000000E+00,   2.044444E-08,  -2.220446E-16
117,5,   2.000000E+00,   7.111110E-09,   3.330669E-16
118,1,   2.000000E+00,   7.111111E-09,  -1.110223E-16
118,2,   2.000000E+00,   2.044444E-08,  -1.110223E-16
118,3,   2.000000E+00,   2.400000E-08,  -1.110223E-16
118,4,   2.000000E+00,   2.044444E-08,  -2.220446E-16
118,5,   2.000000E+00,   7.111110E-09,   3.330669E-16
119,1,   2.000000E+00,   7.111111E-09,  -1.110223E-16
119,2,   2.000000E+00,   2.044444E-08,  -1.110223E-16
119,3,   2.000000E+00,   2.400000E-08,  -1.110223E-16
119,4,   2.000000E+00,   2.044444E-08,  -2.220446E-16
119,5,   2.000000E+00,   7.111110E-09,   3.330669E-16
120,1,   2.000000E+00,   7.111111E-09,  -1.110223E-16
120,2,   2.000000E+00,   2.044444E-08,  -1.110223E-16
120,3,   2.000000E+00,   2.400000E-08,  -1.110223E-16
120,4,   2.000000E+00,   2.044444E-08,  -2.220446E-16
120,5,   2.000000E+00,   7.111110E-09,   3.330669E-16
121,1,   2.000000E+00,   7.111111E-09,  -1.110223E-16
121,2,   2.000000E+00,   2.044444E-08,  -1.110223E-16
121,3,   2.000000E+00,   2.400000E-08,  -1.110223E-16
121,4,   2.000000E+00,   2.044444E-08,  -2.220446E-16
121,5,   2.000000E+00,   7.111110E-09,   3.330669E-16
122,1,   2.000000E+00,   7.111111E-09,  -1.110223E-16
122,2,   2.000000E+00,   2.044444E-08,  -1.110223E-16
122,3,   2.000000E+00,   2.400000E-08,  -1.110223E-16
122,4,   2.000000E+00,   2.044444E-08,  -2.220446E-16
122,5,   2.000000E+00,   7.111110E-09,   3.330669E-16
123,1,   2.000000E+00,   7.111111E-09,  -1.110223E-16
123,2,   2.000000E+00,   2.044444E-08,  -1.110223E-16
123,3,   2.000000E+00,   2.400000E-08,  -1.110223E-16
123,4,   2.000000E+00,   2.044444E-08,  -2.220446E-16
123,5,   2.000000E+00,   7.111110E-09,   3.330669E-16
124,1,   2.000000E+00,   7.111111E-09,  -1.110223E-16
124,2,   2.000000E+00,   2.044444E-08,  -1.110223E-16
124,3,   2.000000E+00,   2.400000E-08,  -1.110223E-16
124,4,   2.000000E+00,   2.044444E-08,  -2.220446E-16
124,5,   2.000000E+00,   7.111110E-09,   3.330669E-16
125,1,   2.000000E+00,   7.111111E-09,  -1.110223E-16
125,2,   2.000000E+00,   2.044444E-08,  -1.110223E-16
125,3,   2.000000E+00,   2.400000E-08,  -1.110223E-16
125,4,   2.000000E+00,   2.044444E-08,  -2.220446E-16
125,5,   2.000000E+00,   7.111110E-09,   3.330669E-16
126,1,   2.000000E+00,   7.111111E-09,  -1.110223E-16
126,2,   2.000000E+00,   2.044444E-08,  -1.110223E-16
126,3,   2.000000E+00,   2.400000E-08,  -1.110223E-16
126,4,   2.000000E+00,   2.044444E-08,  -2.220446E-16
126,5,   2.000000E+00,   7.111110E-09,   3.330669E-16
127,1,   2.000000E+00,   7.111111E-09,  -1.110223E-16
127,2,   2.000000E+00,   2.044444E-08,  -1.110223E-16
127,3,   2.000000E+00,   2.400000E-08,  -1.110223E-16
127,4,   2.000000E+00,   2.044444E-08,  -2.220446E-16
127,5,   2.000000E+00,   7.111110E-09,   3.330669E-16
128,1,   2.000000E+00,   7.111111E-09,  -1.110223E-16
128,2,   2.000000E+00,   2.044444E-08,  -1.110223E-16
128,3,   2.000000E+00,   2.400000E-08,  -1.110223E-16
128,4,   2.000000E+00,   2.044444E-08,  -2.220446E-16
128,5,   2.000000E+00,   7.111110E-09,   3.330669E-16
129,1,   2.000000E+00,   7.111111E-09,  -1.110223E-16
129,2,   2.000000E+00,   2.044444E-08,  -1.110223E-16
129,3,   2.000000E+00,   2.400000E-08,  -1.110223E-16
129,4,   2.000000E+00,   2.044444E-08,  -2.220446E-16
129,5,   2.000000E+00,   7.111110E-09,   3.330669E-16
130,1,   2.000000E+00,   7.111111E-09,  -1.110223E-16
130,2,   2.000000E+00,   2.044444E-08,  -1.110223E-16
130,3,   2.000000E+00,   2.400000E-08,  -1.110223E-16
130,4,   2.000000E+00,   2.044444E-08,  -2.220446E-16
130,5,   2.000000E+00,   7.111110E-09,   3.330669E-16
131,1,   2.000000E+00,   7.111111E-09,  -1.110223E-16
131,2,   2.000000E+00,   2.044444E-08,  -1.110223E-16
131,3,   2.000000E+00,   2.400000E-08,  -1.110223E-16
131,4,   2.000000E+00,   2.044444E-08,  -2.220446E-16
131,5,   2.000000E+00,   7.111110E-09,   3.330669E-16
132,1,   2.000000E+00,   7.111111E-09,  -1.110223E-16
132,2,   2.000000E+00,   2.044444E-08,  -1.110223E-16
132,3,   2.000000E+00,   2.400000E-08,  -1.110223E-16
132,4,   2.000000E+00,   2.044444E-08,  -2.220446E-16
132,5,   2.000000E+00,   7.111110E-09,   3.330669E-16
133,1,   2.000000E+00,   7.111111E-09,  -1.110223E-16
133,2,   2.000000E+00,   2.044444E-08,  -1.110223E-16
133,3,   2.000000E+00,   2.400000E-08,  -1.110223E-16
133,4,   2.000000E+00,   2.044444E-08,  -2.220446E-16
133,5,   2.000000E+00,   7.111110E-09,   3.330669E-16
134,1,   2.000000E+00,   7.111111E-09,  -1.110223E-16
134,2,   2.000000E+00,   2.044444E-08,  -1.110223E-16
134,3,   2.000000E+00,   2.400000E-08,  -1.110223E-16
134,4,   2.000000E+00,   2.044444E-08,  -2.220446E-16
134,5,   2.000000E+00,   7.111110E-09,   3.330669E-16
135,1,   2.000000E+00,   7.111111E-09,  -1.110223E-16
135,2,   2.000000E+00,   2.044444E-08,  -1.110223E-16
135,3,   2.000000E+00,   2.400000E-08,  -1.110223E-16
135,4,   2.000000E+00,   2.044444E-08,  -2.220446E-16
135,5,   2.000000E+00,   7.111110E-09,   3.330669E-16
136,1,   2.000000E+00,   7.111111E-09,  -1.110223E-16
136,2,   2.000000E+00,   2.044444E-08,  -1.110223E-16
136,3,   2.000000E+00,   2.400000E-08,  -1.110223E-16
136,4,   2.000000E+00,   2.044444E-08,  -2.220446E-16
136,5,   2.000000E+00,   7.111110E-09,   3.330669E-16
137,1,   2.000000E+00,   7.111111E-09,  -1.110223E-16
137,2,   2.000000E+00,   2.044444E-08,  -1.110223E-16
137,3,   2.000000E+00,   2.400000E-08,  -1.110223E-16
137,4,   2.000000E+00,   2.044444E-08,  -2.220446E-16
137,5,   2.000000E+00,   7.111110E-09,   3.330669E-16
138,1,   2.000000E+00,   7.111111E-09,  -1.110223E-16
138,2,   2.000000E+00,   2.044444E-08,  -1.110223E-16
138,3,   2.000000E+00,   2.400000E-08,  -1.110223E-16
138,4,   2.000000E+00,   2.044444E-08,  -2.220446E-16
138,5,   2.000000E+00,   7.111110E-09,   3.330669E-16
139,1,   2.000000E+00,   7.111111E-09,  -1.110223E-16
139,2,   2.000000E+00,   2.044444E-08,  -1.110223E-16
139,3,   2.000000E+00,   2.400000E-08,  -1.110223E-16
139,4,   2.000000E+00,   2.044444E-08,  -2.220446E-16
139,5,   2.000000E+00,   7.111110E-09,   3.330669E-16
140,1,   2.000000E+00,   7.111111E-09,  -1.110223E-16
140,2,   2.000000E+00,   2.044444E-08,  -1.110223E-16
140,3,   2.000000E+00,   2.400000E-08,  -1.110223E-16
140,4,   2.000000E+00,   2.044444E-08,  -2.220446E-16
140,5,   2.000000E+00,   7.111110E-09,   3.330669E-16
141,1,   2.000000E+00,   7.111111E-09,  -1.110223E-16
141,2,   2.000000E+00,   2.044444E-08,  -1.110223E-16
141,3,   2.000000E+00,   2.400000E-08,  -1.110223E-16
141,4,   2.000000E+00,   2.044444E-08,  -2.220446E-16
141,5,   2.000000E+00,   7.111110E-09,   3.330669E-16
142,1,   2.000000E+00,   7.111111E-09,  -1.110223E-16
142,2,   2.000000E+00,   2.044444E-08,  -1.110223E-16
142,3,   2.000000E+00,   2.400000E-08,  -1.110223E-16
142,4,   2.000000E+00,   2.044444E-08,  -2.220446E-16
142,5,   2.000000E+00,   7.111110E-09,   3.330669E-16
143,1,   2.000000E+00,   7.111111E-09,  -1.110223E-16
143,2,   2.000000E+00,   2.044444E-08,  -1.110223E-16
143,3,   2.000000E+00,   2.400000E-08,  -1.110223E-16
143,4,   2.000000E+00,   2.044444E-08,  -2.220446E-16
143,5,   2.000000E+00,   7.111110E-09,   3.330669E-16
144,1,   2.000000E+00,   7.111111E-09,  -1.110223E-16
144,2,   2.000000E+00,   2.044444E-08,  -1.110223E-16
144,3,   2.000000E+00,   2.400000E-08,  -1.110223E-16
144,4,   2.000000E+00,   2.044444E-08,  -2.220446E-16
144,5,   2.000000E+00,   7.111110E-09,   3.330669E-16
145,1,   2.000000E+00,   7.111111E-09,  -1.110223E-16
145,2,   2.000000E+00,   2.044444E-08,  -1.110223E-16
145,3,   2.000000E+00,   2.400000E-08,  -1.110223E-16
145,4,   2.000000E+00,   2.044444E-08,  -2.220446E-16
145,5,   2.000000E+00,   7.111110E-09,   3.330669E-16
146,1,   2.000000E+00,   7.111111E-09,  -1.110223E-16
146,2,   2.000000E+00,   2.044444E-08,  -1.110223E-16
146,3,   2.000000E+00,   2.400000E-08,  -1.110223E-16
146,4,   2.000000E+00,   2.044444E-08,  -2.220446E-16
146,5,   2.000000E+00,   7.111110E-09,   3.330669E-16
147,1,   2.000000E+00,   7.111111E-09,  -1.110223E-16
147,2,   2.000000E+00,   2.044444E-08,  -1.110223E-16
147,3,   2.000000E+00,   2.400000E-08,  -1.110223E-16
147,4,   2.000000E+00,   2.044444E-08,  -2.220446E-16
147,5,   2.000000E+00,   7.111110E-09,   3.330669E-16
148,1,   2.000000E+00,   7.111111E-09,  -1.110223E-16
148,2,   2.000000E+00,   2.044444E-08,  -1.110223E-16
148,3,   2.000000E+00,   2.400000E-08,  -1.110223E-16
148,4,   2.000000E+00,   2.044444E-08,  -2.220446E-16
148,5,   2.000000E+00,   7.111110E-09,   3.330669E-16
149,1,   2.000000E+00,   7.111111E-09,  -1.110223E-16
149,2,   2.000000E+00,   2.044444E-08,  -1.110223E-16
149,3,   2.000000E+00,   2.400000E-08,  -1.110223E-16
149,4,   2.000000E+00,   2.044444E-08,  -2.220446E-16
149,5,   2.000000E+00,   7.111110E-09,   3.330669E-16
150,1,   2.000000E+00,   7.111111E-09,  -1.110223E-16
150,2,   2.000000E+00,   2.044444E-08,  -1.110223E-16
150,3,   2.000000E+00,   2.400000E-08,  -1.110223E-16
150,4,   2.000000E+00,   2.044444E-08,  -2.220446E-16
150,5,   2.000000E+00,   7.111110E-09,   3.330669E-16
151,1,   2.000000E+00,   7.111111E-09,  -1.110223E-16
151,2,   2.000000E+00,   2.044444E-08,  -1.110223E-16
151,3,   2.000000E+00,   2.400000E-08,  -1.110223E-16
151,4,   2.000000E+00,   2.044444E-08,  -2.220446E-16
151,5,   2.000000E+00,   7.111110E-09,   3.330669E-16
152,1,   2.000000E+00,   7.111111E-09,  -1.110223E-16
152,2,   2.000000E+00,   2.044444E-08,  -1.110223E-16
152,3,   2.000000E+00,   2.400000E-08,  -1.110223E-16
152,4,   2.000000E+00,   2.044444E-08,  -2.220446E-16
152,5,   2.000000E+00,   7.111110E-09,   3.330669E-16
153,1,   2.000000E+00,   7.111111E-09,  -1.110223E-16
153,2,   2.000000E+00,   2.044444E-08,  -1.110223E-16
153,3,   2.000000E+00,   2.400000E-08,  -1.110223E-16
153,4,   2.000000E+00,   2.044444E-08,  -2.220446E-16
153,5,   2.000000E+00,   7.111110E-09,   3.330669E-16
154,1,   2.000000E+00,   7.111111E-09,  -1.110223E-16
154,2,   2.000000E+00,   2.044444E-08,  -1.110223E-16
154,3,   2.000000E+00,   2.400000E-08,  -1.110223E-16
154,4,   2.000000E+00,   2.044444E-08,  -2.220446E-16
154,5,   2.000000E+00,   7.111110E-09,   3.330669E-16
155,1,   2.000000E+00,   7.111111E-09,  -1.110223E-16
155,2,   2.000000E+00,   2.044444E-08,  -1.110223E-16
155,3,   2.000000E+00,   2.400000E-08,  -1.110223E-16
155,4,   2.000000E+00,   2.044444E-08,  -2.220446E-16
155,5,   2.000000E+00,   7.111110E-09,   3.330669E-16
156,1,   2.000000E+00,   7.111111E-09,  -1.110223E-16
156,2,   2.000000E+00,   2.044444E-08,  -1.110223E-16
156,3,   2.000000E+00,   2.400000E-08,  -1.110223E-16
156,4,   2.000000E+00,   2.044444E-08,  -2.220446E-16
156,5,   2.000000E+00,   7.111110E-09,   3.330669E-16
157,1,   2.000000E+00,   7.111111E-09,  -1.110223E-16
157,2,   2.000000E+00,   2.044444E-08,  -1.110223E-16
157,3,   2.000000E+00,   2.400000E-08,  -1.110223E-16
157,4,   2.000000E+00,   2.044444E-08,  -2.220446E-16
157,5,   2.000000E+00,   7.111110E-09,   3.330669E-16
158,1,   2.000000E+00,   7.111111E-09,  -1.110223E-16
158,2,   2.000000E+00,   2.044444E-08,  -1.110223E-16
158,3,   2.000000E+00,   2.400000E-08,  -1.110223E-16
158,4,   2.000000E+00,   2.044444E-08,  -2.220446E-16
158,5,   2.000000E+00,   7.111110E-09,   3.330669E-16
159,1,   2.000000E+00,   7.111111E-09,  -1.110223E-16
159,2,   2.000000E+00,   2.044444E-08,  -1.110223E-16
159,3,   2.000000E+00,   2.400000E-08,  -1.110223E-16
159,4,   2.000000E+00,   2.044444E-08,  -2.220446E-16
159,5,   2.000000E+00,   7.111110E-09,   3.330669E-16
160,1,   2.000000E+00,   7.111111E-09,  -1.110223E-16
160,2,   2.000000E+00,   2.044444E-08,  -1.110223E-16
160,3,   2.000000E+00,   2.400000E-08,  -1.110223E-16
160,4,   2.000000E+00,   2.044444E-08,  -2.220446E-16
160,5,   2.000000E+00,   7.111110E-09,   3.330669E-16
161,1,   2.000000E+00,   7.111111E-09,  -1.110223E-16
161,2,   2.000000E+00,   2.044444E-08,  -1.110223E-16
161,3,   2.000000E+00,   2.400000E-08,  -1.110223E-16
161,4,   2.000000E+00,   2.044444E-08,  -2.220446E-16
161,5,   2.000000E+00,   7.111110E-09,   3.330669E-16
162,1,   2.000000E+00,   7.111111E-09,  -1.110223E-16
162,2,   2.000000E+00,   2.044444E-08,  -1.110223E-16
162,3,   2.000000E+00,   2.400000E-08,  -1.110223E-16
162,4,   2.000000E+00,   2.044444E-08,  -2.220446E-16
162,5,   2.000000E+00,   7.111110E-09,   3.330669E-16
163,1,   2.000000E+00,   7.111111E-09,  -1.110223E-16
163,2,   2.000000E+00,   2.044444E-08,  -1.110223E-16
163,3,   2.000000E+00,   2.400000E-08,  -1.110223E-16
163,4,   2.000000E+00,   2.044444E-08,  -2.220446E-16
163,5,   2.000000E+00,   7.111110E-09,   3.330669E-16
164,1,   2.000000E+00,   7.111111E-09,  -1.110223E-16
164,2,   2.000000E+00,   2.044444E-08,  -1.110223E-16
164,3,   2.000000E+00,   2.400000E-08,  -1.110223E-16
164,4,   2.000000E+00,   2.044444E-08,  -2.220446E-16
164,5,   2.000000E+00,   7.111110E-09,   3.330669E-16
165,1,   2.000000E+00,   7.111111E-09,  -1.110223E-16
165,2,   2.000000E+00,   2.044444E-08,  -1.110223E-16
165,3,   2.000000E+00,   2.400000E-08,  -1.110223E-16
165,4,   2.000000E+00,   2.044444E-08,  -2.220446E-16
165,5,   2.000000E+00,   7.111110E-09,   3.330669E-16
166,1,   2.000000E+00,   7.111111E-09,  -1.110223E-16
166,2,   2.000000E+00,   2.044444E-08,  -1.110223E-16
166,3,   2.000000E+00,   2.400000E-08,  -1.110223E-16
166,4,   2.000000E+00,   2.044444E-08,  -2.220446E-16
166,5,   2.000000E+00,   7.111110E-09,   3.330669E-16
167,1,   2.000000E+00,   7.111111E-09,  -1.110223E-16
167,2,   2.000000E+00,   2.044444E-08,  -1.110223E-16
167,3,   2.000000E+00,   2.400000E-08,  -1.110223E-16
167,4,   2.000000E+00,   2.044444E-08,  -2.220446E-16
167,5,   2.000000E+00,   7.111110E-09,   3.330669E-16
168,1,   2.000000E+00,   7.111111E-09,  -1.110223E-16
168,2,   2.000000E+00,   2.044444E-08,  -1.110223E-16
168,3,   2.000000E+00,   2.400000E-08,  -1.110223E-16
168,4,   2.000000E+00,   2.044444E-08,  -2.220446E-16
168,5,   2.000000E+00,   7.111110E-09,   3.330669E-16
169,1,   2.000000E+00,   7.111111E-09,  -1.110223E-16
169,2,   2.000000E+00,   2.044444E-08,  -1.110223E-16
169,3,   2.000000E+00,   2.400000E-08,  -1.110223E-16
169,4,   2.000000E+00,   2.044444E-08,  -2.220446E-16
169,5,   2.000000E+00,   7.111110E-09,   3.330669E-16
170,1,   2.000000E+00,   7.111111E-09,  -1.110223E-16
170,2,   2.000000E+00,   2.044444E-08,  -1.110223E-16
170,3,   2.000000E+00,   2.400000E-08,  -1.110223E-16
170,4,   2.000000E+00,   2.044444E-08,  -2.220446E-16
170,5,   2.000000E+00,   7.111110E-09,   3.330669E-16
171,1,   2.000000E+00,   7.111111E-09,  -1.110223E-16
171,2,   2.000000E+00,   2.044444E-08,  -1.110223E-16
171,3,   2.000000E+00,   2.400000E-08,  -1.110223E-16
171,4,   2.000000E+00,   2.044444E-08,  -2.220446E-16
171,5,   2.000000E+00,   7.111110E-09,   3.330669E-16
172,1,   2.000000E+00,   7.111111E-09,  -1.110223E-16
172,2,   2.000000E+00,   2.044444E-08,  -1.110223E-16
172,3,   2.000000E+00,   2.400000E-08,  -1.110223E-16
172,4,   2.000000E+00,   2.044444E-08,  -2.220446E-16
172,5,   2.000000E+00,   7.111110E-09,   3.330669E-16
173,1,   2.000000E+00,   7.111111E-09,  -1.110223E-16
173,2,   2.000000E+00,   2.044444E-08,  -1.110223E-16
173,3,   2.000000E+00,   2.400000E-08,  -1.110223E-16
173,4,   2.000000E+00,   2.044444E-08,  -2.220446E-16
173,5,   2.000000E+00,   7.111110E-09,   3.330669E-16
174,1,   2.000000E+00,   7.111111E-09,  -1.110223E-16
174,2,   2.000000E+00,   2.044444E-08,  -1.110223E-16
174,3,   2.000000E+00,   2.400000E-08,  -1.110223E-16
174,4,   2.000000E+00,   2.044444E-08,  -2.220446E-16
174,5,   2.000000E+00,   7.111110E-09,   3.330669E-16
175,1,   2.000000E+00,   7.111111E-09,  -1.110223E-16
175,2,   2.000000E+00,   2.044444E-08,  -1.110223E-16
175,3,   2.000000E+00,   2.400000E-08,  -1.110223E-16
175,4,   2.000000E+00,   2.044444E-08,  -2.220446E-16
175,5,   2.000000E+00,   7.111110E-09,   3.330669E-16
176,1,   2.000000E+00,   7.111111E-09,  -1.110223E-16
176,2,   2.000000E+00,   2.044444E-08,  -1.110223E-16
176,3,   2.000000E+00,   2.400000E-08,  -1.110223E-16
176,4,   2.000000E+00,   2.044444E-08,  -2.220446E-16
176,5,   2.000000E+00,   7.111110E-09,   3.330669E-16
177,1,   2.000000E+00,   7.111111E-09,  -1.110223E-16
177,2,   2.000000E+00,   2.044444E-08,  -1.110223E-16
177,3,   2.000000E+00,   2.400000E-08,  -1.110223E-16
177,4,   2.000000E+00,   2.044444E-08,  -2.220446E-16
177,5,   2.000000E+00,   7.111110E-09,   3.330669E-16
178,1,   2.000000E+00,   7.111111E-09,  -1.110223E-16
178,2,   2.000000E+00,   2.044444E-08,  -1.110223E-16
178,3,   2.000000E+00,   2.400000E-08,  -1.110223E-16
178,4,   2.000000E+00,   2.044444E-08,  -2.220446E-16
178,5,   2.000000E+00,   7.111110E-09,   3.330669E-16
179,1,   2.000000E+00,   7.111111E-09,  -1.110223E-16
179,2,   2.000000E+00,   2.044444E-08,  -1.110223E-16
179,3,   2.000000E+00,   2.400000E-08,  -1.110223E-16
179,4,   2.000000E+00,   2.044444E-08,  -2.220446E-16
179,5,   2.000000E+00,   7.111110E-09,   3.330669E-16
180,1,   2.000000E+00,   7.111111E-09,  -1.110223E-16
180,2,   2.000000E+00,   2.044444E-08,  -1.110223E-16
180,3,   2.000000E+00,   2.400000E-08,  -1.110223E-16
180,4,   2.000000E+00,   2.044444E-08,  -2.220446E-16
180,5,   2.000000E+00,   7.111110E-09,   3.330669E-16
181,1,   2.000000E+00,   7.111111E-09,  -1.110223E-16
181,2,   2.000000E+00,   2.044444E-08,  -1.110223E-16
181,3,   2.000000E+00,   2.400000E-08,  -1.110223E-16
181,4,   2.000000E+00,   2.044444E-08,  -2.220446E-16
181,5,   2.000000E+00,   7.111110E-09,   3.330669E-16
182,1,   2.000000E+00,   7.111111E-09,  -1.110223E-16
182,2,   2.000000E+00,   2.044444E-08,  -1.110223E-16
182,3,   2.000000E+00,   2.400000E-08,  -1.110223E-16
182,4,   2.000000E+00,   2.044444E-08,  -2.220446E-16
182,5,   2.000000E+00,   7.111110E-09,   3.330669E-16
183,1,   2.000000E+00,   7.111111E-09,  -1.110223E-16
183,2,   2.000000E+00,   2.044444E-08,  -1.110223E-16
183,3,   2.000000E+00,   2.400000E-08,  -1.110223E-16
183,4,   2.000000E+00,   2.044444E-08,  -2.220446E-16
183,5,   2.000000E+00,   7.111110E-09,   3.330669E-16
184,1,   2.000000E+00,   7.111111E-09,  -1.110223E-16
184,2,   2.000000E+00,   2.044444E-08,  -1.110223E-16
184,3,   2.000000E+00,   2.400000E-08,  -1.110223E-16
184,4,   2.000000E+00,   2.044444E-08,  -2.220446E-16
184,5,   2.000000E+00,   7.111110E-09,   3.330669E-16
185,1,   2.000000E+00,   7.111111E-09,  -1.110223E-16
185,2,   2.000000E+00,   2.044444E-08,  -1.110223E-16
185,3,   2.000000E+00,   2.400000E-08,  -1.110223E-16
185,4,   2.000000E+00,   2.044444E-08,  -2.220446E-16
185,5,   2.000000E+00,   7.111110E-09,   3.330669E-16
186,1,   2.000000E+00,   7.111111E-09,  -1.110223E-16
186,2,   2.000000E+00,   2.044444E-08,  -1.110223E-16
186,3,   2.000000E+00,   2.400000E-08,  -1.110223E-16
186,4,   2.000000E+00,   2.044444E-08,  -2.220446E-16
186,5,   2.000000E+00,   7.111110E-09,   3.330669E-16
187,1,   2.000000E+00,   7.111111E-09,  -1.110223E-16
187,2,   2.000000E+00,   2.044444E-08,  -1.110223E-16
187,3,   2.000000E+00,   2.400000E-08,  -1.110223E-16
187,4,   2.000000E+00,   2.044444E-08,  -2.220446E-16
187,5,   2.000000E+00,   7.111110E-09,   3.330669E-16
188,1,   2.000000E+00,   7.111111E-09,  -1.110223E-16
188,2,   2.000000E+00,   2.044444E-08,  -1.110223E-16
188,3,   2.000000E+00,   2.400000E-08,  -1.110223E-16
188,4,   2.000000E+00,   2.044444E-08,  -2.220446E-16
188,5,   2.000000E+00,   7.111110E-09,   3.330669E-16
189,1,   2.000000E+00,   7.111111E-09,  -1.110223E-16
189,2,   2.000000E+00,   2.044444E-08,  -1.110223E-16
189,3,   2.000000E+00,   2.400000E-08,  -1.110223E-16
189,4,   2.000000E+00,   2.044444E-08,  -2.220446E-16
189,5,   2.000000E+00,   7.111110E-09,   3.330669E-16
190,1,   2.000000E+00,   7.111111E-09,  -1.110223E-16
190,2,   2.000000E+00,   2.044444E-08,  -1.110223E-16
190,3,   2.000000E+00,   2.400000E-08,  -1.110223E-16
190,4,   2.000000E+00,   2.044444E-08,  -2.220446E-16
190,5,   2.000000E+00,   7.111110E-09,   3.330669E-16
191,1,   2.000000E+00,   7.111111E-09,  -1.110223E-16
191,2,   2.000000E+00,   2.044444E-08,  -1.110223E-16
191,3,   2.000000E+00,   2.400000E-08,  -1.110223E-16
191,4,   2.000000E+00,   2.044444E-08,  -2.220446E-16
191,5,   2.000000E+00,   7.111110E-09,   3.330669E-16
192,1,   2.000000E+00,   7.111111E-09,  -1.110223E-16
192,2,   2.000000E+00,   2.044444E-08,  -1.110223E-16
192,3,   2.000000E+00,   2.400000E-08,  -1.110223E-16
192,4,   2.000000E+00,   2.044444E-08,  -2.220446E-16
192,5,   2.000000E+00,   7.111110E-09,   3.330669E-16
193,1,   2.000000E+00,   7.111111E-09,  -1.110223E-16
193,2,   2.000000E+00,   2.044444E-08,  -1.110223E-16
193,3,   2.000000E+00,   2.400000E-08,  -1.110223E-16
193,4,   2.000000E+00,   2.044444E-08,  -2.220446E-16
193,5,   2.000000E+00,   7.111110E-09,   3.330669E-16
194,1,   2.000000E+00,   7.111111E-09,  -1.110223E-16
194,2,   2.000000E+00,   2.044444E-08,  -1.110223E-16
194,3,   2.000000E+00,   2.400000E-08,  -1.110223E-16
194,4,   2.000000E+00,   2.044444E-08,  -2.220446E-16
194,5,   2.000000E+00,   7.111110E-09,   3.330669E-16
195,1,   2.000000E+00,   7.111111E-09,  -1.110223E-16
195,2,   2.000000E+00,   2.044444E-08,  -1.110223E-16
195,3,   2.000000E+00,   2.400000E-08,  -1.110223E-16
195,4,   2.000000E+00,   2.044444E-08,  -2.220446E-16
195,5,   2.000000E+00,   7.111110E-09,   3.330669E-16
196,1,   2.000000E+00,   7.111111E-09,  -1.110223E-16
196,2,   2.000000E+00,   2.044444E-08,  -1.110223E-16
196,3,   2.000000E+00,   2.400000E-08,  -1.110223E-16
196,4,   2.000000E+00,   2.044444E-08,  -2.220446E-16
196,5,   2.000000E+00,   7.111110E-09,   3.330669E-16
197,1,   2.000000E+00,   7.111111E-09,  -1.110223E-16
197,2,   2.000000E+00,   2.044444E-08,  -1.110223E-16
197,3,   2.000000E+00,   2.400000E-08,  -1.110223E-16
197,4,   2.000000E+00,   2.044444E-08,  -2.220446E-16
197,5,   2.000000E+00,   7.111110E-09,   3.330669E-16
198,1,   2.000000E+00,   7.111111E-09,  -1.110223E-16
198,2,   2.000000E+00,   2.044444E-08,  -1.110223E-16
198,3,   2.000000E+00,   2.400000E-08,  -1.110223E-16
198,4,   2.000000E+00,   2.044444E-08,  -2.220446E-16
198,5,   2.000000E+00,   7.111110E-09,   3.330669E-16
199,1,   2.000000E+00,   7.111111E-09,  -1.110223E-16
199,2,   2.000000E+00,   2.044444E-08,  -1.110223E-16
199,3,   2.000000E+00,   2.400000E-08,  -1.110223E-16
199,4,   2.000000E+00,   2.044444E-08,  -2.220446E-16
199,5,   2.000000E+00,   7.111110E-09,   3.330669E-16
200,1,   2.000000E+00,   7.111111E-09,  -1.110223E-16
200,2,   2.000000E+00,   2.044444E-08,  -1.110223E-16
200,3,   2.000000E+00,   2.400000E-08,  -1.110223E-16
200,4,   2.000000E+00,   2.044444E-08,  -2.220446E-16
200,5,   2.000000E+00,   7.111110E-09,   3.330669E-16
201,1,   2.000000E+00,   7.111111E-09,  -1.110223E-16
201,2,   2.000000E+00,   2.044444E-08,  -1.110223E-16
201,3,   2.000000E+00,   2.400000E-08,  -1.110223E-16
201,4,   2.000000E+00,   2.044444E-08,  -2.220446E-16
201,5,   2.000000E+00,   7.111110E-09,   3.330669E-16
202,1,   2.000000E+00,   7.111111E-09,  -1.110223E-16
202,2,   2.000000E+00,   2.044444E-08,  -1.110223E-16
202,3,   2.000000E+00,   2.400000E-08,  -1.110223E-16
202,4,   2.000000E+00,   2.044444E-08,  -2.220446E-16
202,5,   2.000000E+00,   7.111110E-09,   3.330669E-16
203,1,   2.000000E+00,   7.111111E-09,  -1.110223E-16
203,2,   2.000000E+00,   2.044444E-08,  -1.110223E-16
203,3,   2.000000E+00,   2.400000E-08,  -1.110223E-16
203,4,   2.000000E+00,   2.044444E-08,  -2.220446E-16
203,5,   2.000000E+00,   7.111110E-09,   3.330669E-16
204,1,   2.000000E+00,   7.111111E-09,  -1.110223E-16
204,2,   2.000000E+00,   2.044444E-08,  -1.110223E-16
204,3,   2.000000E+00,   2.400000E-08,  -1.110223E-16
204,4,   2.000000E+00,   2.044444E-08,  -2.220446E-16
204,5,   2.000000E+00,   7.111110E-09,   3.330669E-16
205,1,   2.000000E+00,   7.111111E-09,  -1.110223E-16
205,2,   2.000000E+00,   2.044444E-08,  -1.110223E-16
205,3,   2.000000E+00,   2.400000E-08,  -1.110223E-16
205,4,   2.000000E+00,   2.044444E-08,  -2.220446E-16
205,5,   2.000000E+00,   7.111110E-09,   3.330669E-16
206,1,   2.000000E+00,   7.111111E-09,  -1.110223E-16
206,2,   2.000000E+00,   2.044444E-08,  -1.110223E-16
206,3,   2.000000E+00,   2.400000E-08,  -1.110223E-16
206,4,   2.000000E+00,   2.044444E-08,  -2.220446E-16
206,5,   2.000000E+00,   7.111110E-09,   3.330669E-16
207,1,   2.000000E+00,   7.111111E-09,  -1.110223E-16
207,2,   2.000000E+00,   2.044444E-08,  -1.110223E-16
207,3,   2.000000E+00,   2.400000E-08,  -1.110223E-16
207,4,   2.000000E+00,   2.044444E-08,  -2.220446E-16
207,5,   2.000000E+00,   7.111110E-09,   3.330669E-16
208,1,   2.000000E+00,   7.111111E-09,  -1.110223E-16
208,2,   2.000000E+00,   2.044444E-08,  -1.110223E-16
208,3,   2.000000E+00,   2.400000E-08,  -1.110223E-16
208,4,   2.000000E+00,   2.044444E-08,  -2.220446E-16
208,5,   2.000000E+00,   7.111110E-09,   3.330669E-16
209,1,   2.000000E+00,   7.111111E-09,  -1.110223E-16
209,2,   2.000000E+00,   2.044444E-08,  -1.110223E-16
209,3,   2.000000E+00,   2.400000E-08,  -1.110223E-16
209,4,   2.000000E+00,   2.044444E-08,  -2.220446E-16
209,5,   2.000000E+00,   7.111110E-09,   3.330669E-16
210,1,   2.000000E+00,   7.111111E-09,  -1.110223E-16
210,2,   2.000000E+00,   2.044444E-08,  -1.110223E-16
210,3,   2.000000E+00,   2.400000E-08,  -1.110223E-16
210,4,   2.000000E+00,   2.044444E-08,  -2.220446E-16
210,5,   2.000000E+00,   7.111110E-09,   3.330669E-16
211,1,   2.000000E+00,   7.111111E-09,  -1.110223E-16
211,2,   2.000000E+00,   2.044444E-08,  -1.110223E-16
211,3,   2.000000E+00,   2.400000E-08,  -1.110223E-16
211,4,   2.000000E+00,   2.044444E-08,  -2.220446E-16
211,5,   2.000000E+00,   7.111110E-09,   3.330669E-16
212,1,   2.000000E+00,   7.111111E-09,  -1.110223E-16
212,2,   2.000000E+00,   2.044444E-08,  -1.110223E-16
212,3,   2.000000E+00,   2.400000E-08,  -1.110223E-16
212,4,   2.000000E+00,   2.044444E-08,  -2.220446E-16
212,5,   2.000000E+00,   7.111110E-09,   3.330669E-16
213,1,   2.000000E+00,   7.111111E-09,  -1.110223E-16
213,2,   2.000000E+00,   2.044444E-08,  -1.110223E-16
213,3,   2.000000E+00,   2.400000E-08,  -1.110223E-16
213,4,   2.000000E+00,   2.044444E-08,  -2.220446E-16
213,5,   2.000000E+00,   7.111110E-09,   3.330669E-16
214,1,   2.000000E+00,   7.111111E-09,  -1.110223E-16
214,2,   2.000000E+00,   2.044444E-08,  -1.110223E-16
214,3,   2.000000E+00,   2.400000E-08,  -1.110223E-16
214,4,   2.000000E+00,   2.044444E-08,  -2.220446E-16
214,5,   2.000000E+00,   7.111110E-09,   3.330669E-16
215,1,   2.000000E+00,   7.111111E-09,  -1.110223E-16
215,2,   2.000000E+00,   2.044444E-08,  -1.110223E-16
215,3,   2.000000E+00,   2.400000E-08,  -1.110223E-16
215,4,   2.000000E+00,   2.044444E-08,  -2.220446E-16
215,5,   2.000000E+00,   7.111110E-09,   3.330669E-16
216,1,   2.000000E+00,   7.111111E-09,  -1.110223E-16
216,2,   2.000000E+00,   2.044444E-08,  -1.110223E-16
216,3,   2.000000E+00,   2.400000E-08,  -1.110223E-16
216,4,   2.000000E+00,   2.044444E-08,  -2.220446E-16
216,5,   2.000000E+00,   7.111110E-09,   3.330669E-16
217,1,   2.000000E+00,   7.111111E-09,  -1.110223E-16
217,2,   2.000000E+00,   2.044444E-08,  -1.110223E-16
217,3,   2.000000E+00,   2.400000E-08,  -1.110223E-16
217,4,   2.000000E+00,   2.044444E-08,  -2.220446E-16
217,5,   2.000000E+00,   7.111110E-09,   3.330669E-16
218,1,   2.000000E+00,   7.111111E-09,  -1.110223E-16
218,2,   2.000000E+00,   2.044444E-08,  -1.110223E-16
218,3,   2.000000E+00,   2.400000E-08,  -1.110223E-16
218,4,   2.000000E+00,   2.044444E-08,  -2.220446E-16
218,5,   2.000000E+00,   7.111110E-09,   3.330669E-16
219,1,   2.000000E+00,   7.111111E-09,  -1.110223E-16
219,2,   2.000000E+00,   2.044444E-08,  -1.110223E-16
219,3,   2.000000E+00,   2.400000E-08,  -1.110223E-16
219,4,   2.000000E+00,   2.044444E-08,  -2.220446E-16
219,5,   2.000000E+00,   7.111110E-09,   3.330669E-16
220,1,   2.000000E+00,   7.111111E-09,  -1.110223E-16
220,2,   2.000000E+00,   2.044444E-08,  -1.110223E-16
220,3,   2.000000E+00,   2.400000E-08,  -1.110223E-16
220,4,   2.000000E+00,   2.044444E-08,  -2.220446E-16
220,5,   2.000000E+00,   7.111110E-09,   3.330669E-16
221,1,   2.000000E+00,   7.111111E-09,  -1.110223E-16
221,2,   2.000000E+00,   2.044444E-08,  -1.110223E-16
221,3,   2.000000E+00,   2.400000E-08,  -1.110223E-16
221,4,   2.000000E+00,   2.044444E-08,  -2.220446E-16
221,5,   2.000000E+00,   7.111110E-09,   3.330669E-16
222,1,   2.000000E+00,   7.111111E-09,  -1.110223E-16
222,2,   2.000000E+00,   2.044444E-08,  -1.110223E-16
222,3,   2.000000E+00,   2.400000E-08,  -1.110223E-16
222,4,   2.000000E+00,   2.044444E-08,  -2.220446E-16
222,5,   2.000000E+00,   7.111110E-09,   3.330669E-16
223,1,   2.000000E+00,   7.111111E-09,  -1.110223E-16
223,2,   2.000000E+00,   2.044444E-08,  -1.110223E-16
223,3,   2.000000E+00,   2.400000E-08,  -1.110223E-16
223,4,   2.000000E+00,   2.044444E-08,  -2.220446E-16
223,5,   2.000000E+00,   7.111110E-09,   3.330669E-16
224,1,   2.000000E+00,   7.111111E-09,  -1.110223E-16
224,2,   2.000000E+00,   2.044444E-08,  -1.110223E-16
224,3,   2.000000E+00,   2.400000E-08,  -1.110223E-16
224,4,   2.000000E+00,   2.044444E-08,  -2.220446E-16
224,5,   2.000000E+00,   7.111110E-09,   3.330669E-16
225,1,   2.000000E+00,   7.111111E-09,  -1.110223E-16
225,2,   2.000000E+00,   2.044444E-08,  -1.110223E-16
225,3,   2.000000E+00,   2.400000E-08,  -1.110223E-16
225,4,   2.000000E+00,   2.044444E-08,  -2.220446E-16
225,5,   2.000000E+00,   7.111110E-09,   3.330669E-16
226,1,   2.000000E+00,   7.111111E-09,  -1.110223E-16
226,2,   2.000000E+00,   2.044444E-08,  -1.110223E-16
226,3,   2.000000E+00,   2.400000E-08,  -1.110223E-16
226,4,   2.000000E+00,   2.044444E-08,  -2.220446E-16
226,5,   2.000000E+00,   7.111110E-09,   3.330669E-16
227,1,   2.000000E+00,   7.111111E-09,  -1.110223E-16
227,2,   2.000000E+00,   2.044444E-08,  -1.110223E-16
227,3,   2.000000E+00,   2.400000E-08,  -1.110223E-16
227,4,   2.000000E+00,   2.044444E-08,  -2.220446E-16
227,5,   2.000000E+00,   7.111110E-09,   3.330669E-16
228,1,   2.000000E+00,   7.111111E-09,  -1.110223E-16
228,2,   2.000000E+00,   2.044444E-08,  -1.110223E-16
228,3,   2.000000E+00,   2.400000E-08,  -1.110223E-16
228,4,   2.000000E+00,   2.044444E-08,  -2.220446E-16
228,5,   2.000000E+00,   7.111110E-09,   3.330669E-16
229,1,   2.000000E+00,   7.111111E-09,  -1.110223E-16
229,2,   2.000000E+00,   2.044444E-08,  -1.110223E-16
229,3,   2.000000E+00,   2.400000E-08,  -1.110223E-16
229,4,   2.000000E+00,   2.044444E-08,  -2.220446E-16
229,5,   2.000000E+00,   7.111110E-09,   3.330669E-16
230,1,   2.000000E+00,   7.111111E-09,  -1.110223E-16
230,2,   2.000000E+00,   2.044444E-08,  -1.110223E-16
230,3,   2.000000E+00,   2.400000E-08,  -1.110223E-16
230,4,   2.000000E+00,   2.044444E-08,  -2.220446E-16
230,5,   2.000000E+00,   7.111110E-09,   3.330669E-16
231,1,   2.000000E+00,   7.111111E-09,  -1.110223E-16
231,2,   2.000000E+00,   2.044444E-08,  -1.110223E-16
231,3,   2.000000E+00,   2.400000E-08,  -1.110223E-16
231,4,   2.000000E+00,   2.044444E-08,  -2.220446E-16
231,5,   2.000000E+00,   7.111110E-09,   3.330669E-16
232,1,   2.000000E+00,   7.111111E-09,  -1.110223E-16
232,2,   2.000000E+00,   2.044444E-08,  -1.110223E-16
232,3,   2.000000E+00,   2.400000E-08,  -1.110223E-16
232,4,   2.000000E+00,   2.044444E-08,  -2.220446E-16
232,5,   2.000000E+00,   7.111110E-09,   3.330669E-16
233,1,   2.000000E+00,   7.111111E-09,  -1.110223E-16
233,2,   2.000000E+00,   2.044444E-08,  -1.110223E-16
233,3,   2.000000E+00,   2.400000E-08,  -1.110223E-16
233,4,   2.000000E+00,   2.044444E-08,  -2.220446E-16
233,5,   2.000000E+00,   7.111110E-09,   3.330669E-16
234,1,   2.000000E+00,   7.111111E-09,  -1.110223E-16
234,2,   2.000000E+00,   2.044444E-08,  -1.110223E-16
234,3,   2.000000E+00,   2.400000E-08,  -1.110223E-16
234,4,   2.000000E+00,   2.044444E-08,  -2.220446E-16
234,5,   2.000000E+00,   7.111110E-09,   3.330669E-16
235,1,   2.000000E+00,   7.111111E-09,  -1.110223E-16
235,2,   2.000000E+00,   2.044444E-08,  -1.110223E-16
235,3,   2.000000E+00,   2.400000E-08,  -1.110223E-16
235,4,   2.000000E+00,   2.044444E-08,  -2.220446E-16
235,5,   2.000000E+00,   7.111110E-09,   3.330669E-16
236,1,   2.000000E+00,   7.111111E-09,  -1.110223E-16
236,2,   2.000000E+00,   2.044444E-08,  -1.110223E-16
236,3,   2.000000E+00,   2.400000E-08,  -1.110223E-16
236,4,   2.000000E+00,   2.044444E-08,  -2.220446E-16
236,5,   2.000000E+00,   7.111110E-09,   3.330669E-16
237,1,   2.000000E+00,   7.111111E-09,  -1.110223E-16
237,2,   2.000000E+00,   2.044444E-08,  -1.110223E-16
237,3,   2.000000E+00,   2.400000E-08,  -1.110223E-16
237,4,   2.000000E+00,   2.044444E-08,  -2.220446E-16
237,5,   2.000000E+00,   7.111110E-09,   3.330669E-16
238,1,   2.000000E+00,   7.111111E-09,  -1.110223E-16
238,2,   2.000000E+00,   2.044444E-08,  -1.110223E-16
238,3,   2.000000E+00,   2.400000E-08,  -1.110223E-16
238,4,   2.000000E+00,   2.044444E-08,  -2.220446E-16
238,5,   2.000000E+00,   7.111110E-09,   3.330669E-16
239,1,   2.000000E+00,   7.111111E-09,  -1.110223E-16
239,2,   2.000000E+00,   2.044444E-08,  -1.110223E-16
239,3,   2.000000E+00,   2.400000E-08,  -1.110223E-16
239,4,   2.000000E+00,   2.044444E-08,  -2.220446E-16
239,5,   2.000000E+00,   7.111110E-09,   3.330669E-16
240,1,   2.000000E+00,   7.111111E-09,  -1.110223E-16
240,2,   2.000000E+00,   2.044444E-08,  -1.110223E-16
240,3,   2.000000E+00,   2.400000E-08,  -1.110223E-16
240,4,   2.000000E+00,   2.044444E-08,  -2.220446E-16
240,5,   2.000000E+00,   7.111110E-09,   3.330669E-16
241,1,   2.000000E+00,   7.111111E-09,  -1.110223E-16
241,2,   2.000000E+00,   2.044444E-08,  -1.110223E-16
241,3,   2.000000E+00,   2.400000E-08,  -1.110223E-16
241,4,   2.000000E+00,   2.044444E-08,  -2.220446E-16
241,5,   2.000000E+00,   7.111110E-09,   3.330669E-16
242,1,   2.000000E+00,   7.111111E-09,  -1.110223E-16
242,2,   2.000000E+00,   2.044444E-08,  -1.110223E-16
242,3,   2.000000E+00,   2.400000E-08,  -1.110223E-16
242,4,   2.000000E+00,   2.044444E-08,  -2.220446E-16
242,5,   2.000000E+00,   7.111110E-09,   3.330669E-16
243,1,   2.000000E+00,   7.111111E-09,  -1.110223E-16
243,2,   2.000000E+00,   2.044444E-08,  -1.110223E-16
243,3,   2.000000E+00,   2.400000E-08,  -1.110223E-16
243,4,   2.000000E+00,   2.044444E-08,  -2.220446E-16
243,5,   2.000000E+00,   7.111110E-09,   3.330669E-16
244,1,   2.000000E+00,   7.111111E-09,  -1.110223E-16
244,2,   2.000000E+00,   2.044444E-08,  -1.110223E-16
244,3,   2.000000E+00,   2.400000E-08,  -1.110223E-16
244,4,   2.000000E+00,   2.044444E-08,  -2.220446E-16
244,5,   2.000000E+00,   7.111110E-09,   3.330669E-16
245,1,   2.000000E+00,   7.111111E-09,  -1.110223E-16
245,2,   2.000000E+00,   2.044444E-08,  -1.110223E-16
245,3,   2.000000E+00,   2.400000E-08,  -1.110223E-16
245,4,   2.000000E+00,   2.044444E-08,  -2.220446E-16
245,5,   2.000000E+00,   7.111110E-09,   3.330669E-16
246,1,   2.000000E+00,   7.111111E-09,  -1.110223E-16
246,2,   2.000000E+00,   2.044444E-08,  -1.110223E-16
246,3,   2.000000E+00,   2.400000E-08,  -1.110223E-16
246,4,   2.000000E+00,   2.044444E-08,  -2.220446E-16
246,5,   2.000000E+00,   7.111110E-09,   3.330669E-16
247,1,   2.000000E+00,   7.111111E-09,  -1.110223E-16
247,2,   2.000000E+00,   2.044444E-08,  -1.110223E-16
247,3,   2.000000E+00,   2.400000E-08,  -1.110223E-16
247,4,   2.000000E+00,   2.044444E-08,  -2.220446E-16
247,5,   2.000000E+00,   7.111110E-09,   3.330669E-16
248,1,   2.000000E+00,   7.111111E-09,  -1.110223E-16
248,2,   2.000000E+00,   2.044444E-08,  -1.110223E-16
248,3,   2.000000E+00,   2.400000E-08,  -1.110223E-16
248,4,   2.000000E+00,   2.044444E-08,  -2.220446E-16
248,5,   2.000000E+00,   7.111110E-09,   3.330669E-16
249,1,   2.000000E+00,   7.111111E-09,  -1.110223E-16
249,2,   2.000000E+00,   2.044444E-08,  -1.110223E-16
249,3,   2.000000E+00,   2.400000E-08,  -1.110223E-16
249,4,   2.000000E+00,   2.044444E-08,  -2.220446E-16
249,5,   2.000000E+00,   7.111110E-09,   3.330669E-16
250,1,   2.000000E+00,   7.111111E-09,  -1.110223E-16
250,2,   2.000000E+00,   2.044444E-08,  -1.110223E-16
250,3,   2.000000E+00,   2.400000E-08,  -1.110223E-16
250,4,   2.000000E+00,   2.044444E-08,  -2.220446E-16
250,5,   2.000000E+00,   7.111110E-09,   3.330669E-16
